[{
    "productId":"1",
    "name":"Synchoronous Motor",
    "sku":"SM102368",
    "description" : "A synchronous electric motor is an AC motor in which, at steady state,[1] the rotation of the shaft is synchronized with the frequency of the supply current; the rotation period is exactly equal to an integral number of AC cycles. Synchronous motors contain multiphase AC electromagnets on the stator of the motor that create a magnetic field which rotates in time with the oscillations of the line current. The rotor with permanent magnets or electromagnets turns in step with the stator field at the same rate and as a result, provides the second synchronized rotating magnet field of any AC motor. A synchronous motor is termed doubly fed if it is supplied with independently excited multiphase AC electromagnets on both the rotor and stator.",
    "isFeatured":1,
    "brand":"Motor",
    "price":39.99,
    "rating":4.1,
    "qty" : 10,
    "color":"Silver",
    "size":"5.93 in",
    "weight":"40",
    "category_id":"1",
    "reviews":
    [{"name":"Patricia Morrison","rating":4,"review":"These have a rotor consisting of a solid steel casting with projecting (salient) toothed poles. Typically there are fewer rotor than stator poles to minimize torque ripple and to prevent the poles from all aligning simultaneously—a position which cannot generate torque."},{"name":"Kathy A Baker","rating":2,"review":"These have a solid smooth cylindrical rotor, cast of a high coercivity magnetically hard cobalt steel"},{"name":"Win2000","rating":5,"review":"A permanent-magnet synchronous motor."},{"name":"Daniel Deklotz","rating":3,"review":"he direct current may be supplied from a separate DC source or from a DC generator directly connected to the motor shaft."}],
    "baseImages":["Product1a.jpg","Product1b.jpg","Product1c.jpg","Product1d.jpg"],
    "descImage":["Product1a.jpg"],
    "thumbnailImages":["Product1a.jpg","Product1b.jpg","Product1c.jpg","Product1d.jpg"],
    "relatedProducts" : "10,2,8"
},
{
    "productId":"2",
    "name":"NX1/NJ5 controller",
    "sku":"NX1/NJ5",
    "description" : "The synchronous motor and induction motor are the most widely used types of AC motor. The difference between the two types is that the synchronous motor rotates at a rate locked to the line frequency since it does not rely on current induction to produce the rotor's magnetic field. By contrast, the induction motor requires slip: the rotor must rotate slightly slower than the AC alternations in order to induce current in the rotor winding. Small synchronous motors are used in timing applications such as in synchronous clocks, timers in appliances, tape recorders and precision servomechanisms in which the motor must operate at a precise speed; speed accuracy is that of the power line frequency, which is carefully controlled in large interconnected grid systems.",
    "shortDescription":"machine to IT system. Our NX1/NJ5 controller with OPC UA as a standard feature ensures reliable, secure and easy communication. OPC UA is an industrial communication protocol that enables data exchange between machines and from machine to IT systems.",
    "isFeatured":1,
    "brand":"Controller",
    "price":2099.99,
    "rating":4.2,
    "qty" : 10,
    "color":"Grey",
    "size":"6 in",
    "weight":"50",
    "category_id":"1",
    "reviews":[{"name":"Patricia Morrison","rating":4,"review":"OPC UA is an industrial communication protocol that enables data exchange between machines and from machine to IT systems."},{"name":"Kathy A Baker","rating":2,"review":"Reliable: Standard and Open"},{"name":"Win2000","rating":5,"review":"Secure communication: Authentication and encryption technologies"},{"name":"Daniel Deklotz","rating":3,"review":"Simple connection to host system"}],
    "baseImages":["Product2a.jpg","Product2b.jpg","Product2c.jpg"],
    "descImage":["Product2a.jpg"],
    "thumbnailImages":["Product2a.jpg","Product2b.jpg","Product2c.jpg"],
    "relatedProducts" : "10,11,12"
},
{
    "productId":"3",
    "name":"EtherCAT Interface Unit",
    "sku":"EtherCAT",
    "description" : "A synchronous electric motor is an AC motor in which, at steady state,[1] the rotation of the shaft is synchronized with the frequency of the supply current; the rotation period is exactly equal to an integral number of AC cycles. Synchronous motors contain multiphase AC electromagnets on the stator of the motor that create a magnetic field which rotates in time with the oscillations of the line current. The rotor with permanent magnets or electromagnets turns in step with the stator field at the same rate and as a result, provides the second synchronized rotating magnet field of any AC motor. A synchronous motor is termed doubly fed if it is supplied with independently excited multiphase AC electromagnets on both the rotor and stator.",
    "shortDescription":"machine to IT system. Our NX1/NJ5 controller with OPC UA as a standard feature ensures reliable, secure and easy communication. OPC UA is an industrial communication protocol that enables data exchange between machines and from machine to IT systems.",
    "isFeatured":1,
    "brand":"EtherCAT",
    "price":2099.99,
    "rating":4.8,
    "qty" : 10,
    "color":"Black",
    "size":"5 in",
    "weight":"100",
    "category_id":"2",
    "reviews":[{"name":"Patricia Morrison","rating":4,"review":"I bought this phone on March 6, 2017, I received 2 updates, currently with Android 8, Emui 8. The only problem is the GPS, it does not work with Google Maps or Waze, it is a pity that a quality team like this present this problem"},{"name":"Kathy A Baker","rating":2,"review":"I wish I could give this phone 4.5 stars. It's not perfect but for $200 it's pretty close. The build is solid and the screen is suprisingly good. I wasn't expecting much for the price so it has exceeded my expectations. The only thing it doesn't have that I wish it did is fast charging. I haven't had it long enough to say how big a deal that is but it sure would have been nice. The other odd quirk I've found is that you can't transfer apps to the SD card. You can store files on it but not apps which is strange. Again, I'm not sure how big a deal that will be over time. For the price, at least initially, the phone is well worth it."},{"name":"Win2000","rating":5,"review":"This is a beautifully designed and impressively priced phone that I would be more than satisfied with if one crucial aspect was present... It is NOT unlocked. I have spent the past two days trying to locate the source of my problem with my carrier to understand why my phone will not connect to my network. I originally assumed it was an issue with my SIM card, but it turns out my phone is still 'locked' and will not be supported by another carrier until I contacted the company to resolve the issue. I reached out to them and did not receive any response. It has affected my work and I wasted $200 on a phone I had considerable hopes for."},{"name":"Daniel Deklotz","rating":3,"review":"Nice phone"}],
    "baseImages":["Product3a.jpg","Product3b.jpg","Product3c.jpg"],
    "descImage":["Product3a.jpg"],
    "thumbnailImages":["Product3a.jpg","Product3b.jpg","Product3c.jpg"],        
    "relatedProducts" : "2,9,10"
},
{
    "productId":"4",
    "name":"Manual Drive Sweeper",
    "sku":"MDS1234  ",
    "description" : "A synchronous electric motor is an AC motor in which, at steady state,[1] the rotation of the shaft is synchronized with the frequency of the supply current; the rotation period is exactly equal to an integral number of AC cycles. Synchronous motors contain multiphase AC electromagnets on the stator of the motor that create a magnetic field which rotates in time with the oscillations of the line current. The rotor with permanent magnets or electromagnets turns in step with the stator field at the same rate and as a result, provides the second synchronized rotating magnet field of any AC motor. A synchronous motor is termed doubly fed if it is supplied with independently excited multiphase AC electromagnets on both the rotor and stator.The synchronous motor and induction motor are the most widely used types of AC motor. The difference between the two types is that the synchronous motor rotates at a rate locked to the line frequency since it does not rely on current induction to produce the rotor's magnetic field. By contrast, the induction motor requires slip: the rotor must rotate slightly slower than the AC alternations in order to induce current in the rotor winding. Small synchronous motors are used in timing applications such as in synchronous clocks, timers in appliances, tape recorders and precision servomechanisms in which the motor must operate at a precise speed; speed accuracy is that of the power line frequency, which is carefully controlled in large interconnected grid systems.",
    "shortDescription":"machine to IT system. Our NX1/NJ5 controller with OPC UA as a standard feature ensures reliable, secure and easy communication. OPC UA is an industrial communication protocol that enables data exchange between machines and from machine to IT systems.",
    "isFeatured":1,
    "brand":"Samsung",
    "price":139.99,
    "rating":3.8,
    "qty" : 10,
    "color":"Black",
    "size":"5 in",
    "weight":"100",
    "category_id":"2",
    "reviews":[{"name":"Patricia Morrison","rating":4,"review":"I bought this phone on March 6, 2017, I received 2 updates, currently with Android 8, Emui 8. The only problem is the GPS, it does not work with Google Maps or Waze, it is a pity that a quality team like this present this problem"},{"name":"Kathy A Baker","rating":2,"review":"I wish I could give this phone 4.5 stars. It's not perfect but for $200 it's pretty close. The build is solid and the screen is suprisingly good. I wasn't expecting much for the price so it has exceeded my expectations. The only thing it doesn't have that I wish it did is fast charging. I haven't had it long enough to say how big a deal that is but it sure would have been nice. The other odd quirk I've found is that you can't transfer apps to the SD card. You can store files on it but not apps which is strange. Again, I'm not sure how big a deal that will be over time. For the price, at least initially, the phone is well worth it."},{"name":"Win2000","rating":5,"review":"This is a beautifully designed and impressively priced phone that I would be more than satisfied with if one crucial aspect was present... It is NOT unlocked. I have spent the past two days trying to locate the source of my problem with my carrier to understand why my phone will not connect to my network. I originally assumed it was an issue with my SIM card, but it turns out my phone is still 'locked' and will not be supported by another carrier until I contacted the company to resolve the issue. I reached out to them and did not receive any response. It has affected my work and I wasted $200 on a phone I had considerable hopes for."},{"name":"Daniel Deklotz","rating":3,"review":"Nice phone"}],
    "baseImages":["Product4a.jpg","Product4b.jpg","Product4c.jpg","Product4d.jpg"],
    "descImage":["Product4a.jpg"],
    "thumbnailImages":["Product4a.jpg","Product4b.jpg","Product4c.jpg","Product4d.jpg"],
    "relatedProducts" : "2,8,3"
},{
    "productId":"5",
    "name":"Green Tiles",
    "sku":"18:9 Infintiy Display",
    "description" : "A synchronous electric motor is an AC motor in which, at steady state,[1] the rotation of the shaft is synchronized with the frequency of the supply current; the rotation period is exactly equal to an integral number of AC cycles. Synchronous motors contain multiphase AC electromagnets on the stator of the motor that create a magnetic field which rotates in time with the oscillations of the line current. The rotor with permanent magnets or electromagnets turns in step with the stator field at the same rate and as a result, provides the second synchronized rotating magnet field of any AC motor. A synchronous motor is termed doubly fed if it is supplied with independently excited multiphase AC electromagnets on both the rotor and stator.The synchronous motor and induction motor are the most widely used types of AC motor. The difference between the two types is that the synchronous motor rotates at a rate locked to the line frequency since it does not rely on current induction to produce the rotor's magnetic field. By contrast, the induction motor requires slip: the rotor must rotate slightly slower than the AC alternations in order to induce current in the rotor winding. Small synchronous motors are used in timing applications such as in synchronous clocks, timers in appliances, tape recorders and precision servomechanisms in which the motor must operate at a precise speed; speed accuracy is that of the power line frequency, which is carefully controlled in large interconnected grid systems.",
    "shortDescription":"machine to IT system. Our NX1/NJ5 controller with OPC UA as a standard feature ensures reliable, secure and easy communication. OPC UA is an industrial communication protocol that enables data exchange between machines and from machine to IT systems.",
    "isFeatured":1,
    "brand":"Tiles",
    "price":30.99,
    "rating":4.1,
    "qty" : 10,
    "color":"Gold",
    "size":"5.93 in",
    "weight":"40",
    "category_id":"1",
    "reviews":[{"name":"Patricia Morrison","rating":4,"review":"Battery life is excellent not to mention picture quality."},{"name":"Kathy A Baker","rating":2,"review":"Nice phone"},{"name":"Win2000","rating":5,"review":"Battery life is excellent not to mention picture quality."},{"name":"Daniel Deklotz","rating":3,"review":"its just like the s8"}],
    "baseImages":["Product5a.jpg","Product5b.jpg","Product5c.jpg"],
    "descImage":["Product5a.jpg"],
    "thumbnailImages":["Product5a.jpg","Product5b.jpg","Product5c.jpg"],
    "relatedProducts" : "2,6,8"
},
{
    "productId":"6",
    "name":"Auto Mopper",
    "sku":"Auto1234",
    "description" : "A synchronous electric motor is an AC motor in which, at steady state,[1] the rotation of the shaft is synchronized with the frequency of the supply current; the rotation period is exactly equal to an integral number of AC cycles. Synchronous motors contain multiphase AC electromagnets on the stator of the motor that create a magnetic field which rotates in time with the oscillations of the line current. The rotor with permanent magnets or electromagnets turns in step with the stator field at the same rate and as a result, provides the second synchronized rotating magnet field of any AC motor. A synchronous motor is termed doubly fed if it is supplied with independently excited multiphase AC electromagnets on both the rotor and stator.The synchronous motor and induction motor are the most widely used types of AC motor. The difference between the two types is that the synchronous motor rotates at a rate locked to the line frequency since it does not rely on current induction to produce the rotor's magnetic field. By contrast, the induction motor requires slip: the rotor must rotate slightly slower than the AC alternations in order to induce current in the rotor winding. Small synchronous motors are used in timing applications such as in synchronous clocks, timers in appliances, tape recorders and precision servomechanisms in which the motor must operate at a precise speed; speed accuracy is that of the power line frequency, which is carefully controlled in large interconnected grid systems.",
    "shortDescription":"machine to IT system. Our NX1/NJ5 controller with OPC UA as a standard feature ensures reliable, secure and easy communication. OPC UA is an industrial communication protocol that enables data exchange between machines and from machine to IT systems.",
    "isFeatured":1,
    "brand":"Mopper",
    "price":299.99,
    "rating":4.2,
    "qty" : 10,
    "color":"Grey",
    "size":"6 in",
    "weight":"50",
    "category_id":"1",
    "reviews":[{"name":"Patricia Morrison","rating":4,"review":"I bought this phone on March 6, 2017, I received 2 updates, currently with Android 8, Emui 8. The only problem is the GPS, it does not work with Google Maps or Waze, it is a pity that a quality team like this present this problem"},{"name":"Kathy A Baker","rating":2,"review":"I wish I could give this phone 4.5 stars. It's not perfect but for $200 it's pretty close. The build is solid and the screen is suprisingly good. I wasn't expecting much for the price so it has exceeded my expectations. The only thing it doesn't have that I wish it did is fast charging. I haven't had it long enough to say how big a deal that is but it sure would have been nice. The other odd quirk I've found is that you can't transfer apps to the SD card. You can store files on it but not apps which is strange. Again, I'm not sure how big a deal that will be over time. For the price, at least initially, the phone is well worth it."},{"name":"Win2000","rating":5,"review":"This is a beautifully designed and impressively priced phone that I would be more than satisfied with if one crucial aspect was present... It is NOT unlocked. I have spent the past two days trying to locate the source of my problem with my carrier to understand why my phone will not connect to my network. I originally assumed it was an issue with my SIM card, but it turns out my phone is still 'locked' and will not be supported by another carrier until I contacted the company to resolve the issue. I reached out to them and did not receive any response. It has affected my work and I wasted $200 on a phone I had considerable hopes for."},{"name":"Daniel Deklotz","rating":3,"review":"Nice phone"}],
    "baseImages":["Product6a.jpg","Product6b.jpg","Product6c.jpg"],
    "descImage":["Product6a.jpg"],
    "thumbnailImages":["Product6a.jpg","Product6b.jpg","Product6c.jpg"],
    "relatedProducts" : "5,3,2"
},
{
    "productId":"7",
    "name":"Main Frame",
    "sku":"Frame12369",
    "description" : "A synchronous electric motor is an AC motor in which, at steady state,[1] the rotation of the shaft is synchronized with the frequency of the supply current; the rotation period is exactly equal to an integral number of AC cycles. Synchronous motors contain multiphase AC electromagnets on the stator of the motor that create a magnetic field which rotates in time with the oscillations of the line current. The rotor with permanent magnets or electromagnets turns in step with the stator field at the same rate and as a result, provides the second synchronized rotating magnet field of any AC motor. A synchronous motor is termed doubly fed if it is supplied with independently excited multiphase AC electromagnets on both the rotor and stator.The synchronous motor and induction motor are the most widely used types of AC motor. The difference between the two types is that the synchronous motor rotates at a rate locked to the line frequency since it does not rely on current induction to produce the rotor's magnetic field. By contrast, the induction motor requires slip: the rotor must rotate slightly slower than the AC alternations in order to induce current in the rotor winding. Small synchronous motors are used in timing applications such as in synchronous clocks, timers in appliances, tape recorders and precision servomechanisms in which the motor must operate at a precise speed; speed accuracy is that of the power line frequency, which is carefully controlled in large interconnected grid systems.",
    "shortDescription":"machine to IT system. Our NX1/NJ5 controller with OPC UA as a standard feature ensures reliable, secure and easy communication. OPC UA is an industrial communication protocol that enables data exchange between machines and from machine to IT systems.",
    "isFeatured":0,
    "brand":"Samsung",
    "price":1055.99,
    "rating":4.8,
    "qty" : 10,
    "color":"Black",
    "size":"5 in",
    "weight":"100",
    "category_id":"2",
    "reviews":[{"name":"Patricia Morrison","rating":4,"review":"I bought this phone on March 6, 2017, I received 2 updates, currently with Android 8, Emui 8. The only problem is the GPS, it does not work with Google Maps or Waze, it is a pity that a quality team like this present this problem"},{"name":"Kathy A Baker","rating":2,"review":"I wish I could give this phone 4.5 stars. It's not perfect but for $200 it's pretty close. The build is solid and the screen is suprisingly good. I wasn't expecting much for the price so it has exceeded my expectations. The only thing it doesn't have that I wish it did is fast charging. I haven't had it long enough to say how big a deal that is but it sure would have been nice. The other odd quirk I've found is that you can't transfer apps to the SD card. You can store files on it but not apps which is strange. Again, I'm not sure how big a deal that will be over time. For the price, at least initially, the phone is well worth it."},{"name":"Win2000","rating":5,"review":"This is a beautifully designed and impressively priced phone that I would be more than satisfied with if one crucial aspect was present... It is NOT unlocked. I have spent the past two days trying to locate the source of my problem with my carrier to understand why my phone will not connect to my network. I originally assumed it was an issue with my SIM card, but it turns out my phone is still 'locked' and will not be supported by another carrier until I contacted the company to resolve the issue. I reached out to them and did not receive any response. It has affected my work and I wasted $200 on a phone I had considerable hopes for."},{"name":"Daniel Deklotz","rating":3,"review":"Nice phone"}],
    "baseImages":["Product7a.jpg","Product7b.jpg","Product7c.jpg"],
    "descImage":["Product7a.jpg"],
    "thumbnailImages":["Product7a.jpg","Product7b.jpg","Product7c.jpg"],
    "relatedProducts" : "10,11,12"
},
{
    "productId":"8",
    "name":"Shunt Motor",
    "sku":"Motor693",
    "description" : "A synchronous electric motor is an AC motor in which, at steady state,[1] the rotation of the shaft is synchronized with the frequency of the supply current; the rotation period is exactly equal to an integral number of AC cycles. Synchronous motors contain multiphase AC electromagnets on the stator of the motor that create a magnetic field which rotates in time with the oscillations of the line current. The rotor with permanent magnets or electromagnets turns in step with the stator field at the same rate and as a result, provides the second synchronized rotating magnet field of any AC motor. A synchronous motor is termed doubly fed if it is supplied with independently excited multiphase AC electromagnets on both the rotor and stator.The synchronous motor and induction motor are the most widely used types of AC motor. The difference between the two types is that the synchronous motor rotates at a rate locked to the line frequency since it does not rely on current induction to produce the rotor's magnetic field. By contrast, the induction motor requires slip: the rotor must rotate slightly slower than the AC alternations in order to induce current in the rotor winding. Small synchronous motors are used in timing applications such as in synchronous clocks, timers in appliances, tape recorders and precision servomechanisms in which the motor must operate at a precise speed; speed accuracy is that of the power line frequency, which is carefully controlled in large interconnected grid systems.",
    "shortDescription":"machine to IT system. Our NX1/NJ5 controller with OPC UA as a standard feature ensures reliable, secure and easy communication. OPC UA is an industrial communication protocol that enables data exchange between machines and from machine to IT systems.",
    "isFeatured":1,
    "brand":"Motor",
    "price":189.99,
    "rating":3.8,
    "qty" : 10,
    "color":"Black",
    "size":"5 in",
    "weight":"100",
    "category_id":"2",
    "reviews":[{"name":"Patricia Morrison","rating":4,"review":"I bought this phone on March 6, 2017, I received 2 updates, currently with Android 8, Emui 8. The only problem is the GPS, it does not work with Google Maps or Waze, it is a pity that a quality team like this present this problem"},{"name":"Kathy A Baker","rating":2,"review":"I wish I could give this phone 4.5 stars. It's not perfect but for $200 it's pretty close. The build is solid and the screen is suprisingly good. I wasn't expecting much for the price so it has exceeded my expectations. The only thing it doesn't have that I wish it did is fast charging. I haven't had it long enough to say how big a deal that is but it sure would have been nice. The other odd quirk I've found is that you can't transfer apps to the SD card. You can store files on it but not apps which is strange. Again, I'm not sure how big a deal that will be over time. For the price, at least initially, the phone is well worth it."},{"name":"Win2000","rating":5,"review":"This is a beautifully designed and impressively priced phone that I would be more than satisfied with if one crucial aspect was present... It is NOT unlocked. I have spent the past two days trying to locate the source of my problem with my carrier to understand why my phone will not connect to my network. I originally assumed it was an issue with my SIM card, but it turns out my phone is still 'locked' and will not be supported by another carrier until I contacted the company to resolve the issue. I reached out to them and did not receive any response. It has affected my work and I wasted $200 on a phone I had considerable hopes for."},{"name":"Daniel Deklotz","rating":3,"review":"Nice phone"}],
    "baseImages":["Product8a.jpg","Product8b.jpg","Product8c.jpg"],
    "descImage":["Product8a.jpg"],
    "thumbnailImages":["Product8a.jpg","Product8b.jpg","Product8c.jpg"],
    "relatedProducts" : "9,10,11"
},{
    "productId":"9",
    "name":"Full Height Turnstile",
    "sku":"Turnstile7895",
    "description" : "A synchronous electric motor is an AC motor in which, at steady state,[1] the rotation of the shaft is synchronized with the frequency of the supply current; the rotation period is exactly equal to an integral number of AC cycles. Synchronous motors contain multiphase AC electromagnets on the stator of the motor that create a magnetic field which rotates in time with the oscillations of the line current. The rotor with permanent magnets or electromagnets turns in step with the stator field at the same rate and as a result, provides the second synchronized rotating magnet field of any AC motor. A synchronous motor is termed doubly fed if it is supplied with independently excited multiphase AC electromagnets on both the rotor and stator.The synchronous motor and induction motor are the most widely used types of AC motor. The difference between the two types is that the synchronous motor rotates at a rate locked to the line frequency since it does not rely on current induction to produce the rotor's magnetic field. By contrast, the induction motor requires slip: the rotor must rotate slightly slower than the AC alternations in order to induce current in the rotor winding. Small synchronous motors are used in timing applications such as in synchronous clocks, timers in appliances, tape recorders and precision servomechanisms in which the motor must operate at a precise speed; speed accuracy is that of the power line frequency, which is carefully controlled in large interconnected grid systems.",
    "shortDescription":"machine to IT system. Our NX1/NJ5 controller with OPC UA as a standard feature ensures reliable, secure and easy communication. OPC UA is an industrial communication protocol that enables data exchange between machines and from machine to IT systems.",
    "isFeatured":1,
    "brand":"Turnstile",
    "price":299.99,
    "rating":4.1,
    "qty" : 10,
    "color":"Gold",
    "size":"5.93 in",
    "weight":"40",
    "category_id":"1",
    "reviews":[{"name":"Patricia Morrison","rating":4,"review":"I bought this phone on March 6, 2017, I received 2 updates, currently with Android 8, Emui 8. The only problem is the GPS, it does not work with Google Maps or Waze, it is a pity that a quality team like this present this problem"},{"name":"Kathy A Baker","rating":2,"review":"I wish I could give this phone 4.5 stars. It's not perfect but for $200 it's pretty close. The build is solid and the screen is suprisingly good. I wasn't expecting much for the price so it has exceeded my expectations. The only thing it doesn't have that I wish it did is fast charging. I haven't had it long enough to say how big a deal that is but it sure would have been nice. The other odd quirk I've found is that you can't transfer apps to the SD card. You can store files on it but not apps which is strange. Again, I'm not sure how big a deal that will be over time. For the price, at least initially, the phone is well worth it."},{"name":"Win2000","rating":5,"review":"This is a beautifully designed and impressively priced phone that I would be more than satisfied with if one crucial aspect was present... It is NOT unlocked. I have spent the past two days trying to locate the source of my problem with my carrier to understand why my phone will not connect to my network. I originally assumed it was an issue with my SIM card, but it turns out my phone is still 'locked' and will not be supported by another carrier until I contacted the company to resolve the issue. I reached out to them and did not receive any response. It has affected my work and I wasted $200 on a phone I had considerable hopes for."},{"name":"Daniel Deklotz","rating":3,"review":"Nice phone"}],
    "baseImages":["Product9a.jpg","Product9b.jpg","Product9c.jpg"],
    "descImage":["Product9a.jpg"],
    "thumbnailImages":["Product9a.jpg","Product9b.jpg","Product9c.jpg"],
    "relatedProducts" : "6,7,8"
},
{
    "productId":"10",
    "name":"Linear Motor",
    "sku":"Motor59598",
    "description" : "A synchronous electric motor is an AC motor in which, at steady state,[1] the rotation of the shaft is synchronized with the frequency of the supply current; the rotation period is exactly equal to an integral number of AC cycles. Synchronous motors contain multiphase AC electromagnets on the stator of the motor that create a magnetic field which rotates in time with the oscillations of the line current. The rotor with permanent magnets or electromagnets turns in step with the stator field at the same rate and as a result, provides the second synchronized rotating magnet field of any AC motor. A synchronous motor is termed doubly fed if it is supplied with independently excited multiphase AC electromagnets on both the rotor and stator.The synchronous motor and induction motor are the most widely used types of AC motor. The difference between the two types is that the synchronous motor rotates at a rate locked to the line frequency since it does not rely on current induction to produce the rotor's magnetic field. By contrast, the induction motor requires slip: the rotor must rotate slightly slower than the AC alternations in order to induce current in the rotor winding. Small synchronous motors are used in timing applications such as in synchronous clocks, timers in appliances, tape recorders and precision servomechanisms in which the motor must operate at a precise speed; speed accuracy is that of the power line frequency, which is carefully controlled in large interconnected grid systems.",
    "shortDescription":"machine to IT system. Our NX1/NJ5 controller with OPC UA as a standard feature ensures reliable, secure and easy communication. OPC UA is an industrial communication protocol that enables data exchange between machines and from machine to IT systems.",
    "isFeatured":1,
    "brand":"Motor",
    "price":59.99,
    "rating":4.2,
    "qty" : 10,
    "color":"Grey",
    "size":"6 in",
    "weight":"50",
    "category_id":"1",
    "reviews":[{"name":"Patricia Morrison","rating":4,"review":"I bought this phone on March 6, 2017, I received 2 updates, currently with Android 8, Emui 8. The only problem is the GPS, it does not work with Google Maps or Waze, it is a pity that a quality team like this present this problem"},{"name":"Kathy A Baker","rating":2,"review":"I wish I could give this phone 4.5 stars. It's not perfect but for $200 it's pretty close. The build is solid and the screen is suprisingly good. I wasn't expecting much for the price so it has exceeded my expectations. The only thing it doesn't have that I wish it did is fast charging. I haven't had it long enough to say how big a deal that is but it sure would have been nice. The other odd quirk I've found is that you can't transfer apps to the SD card. You can store files on it but not apps which is strange. Again, I'm not sure how big a deal that will be over time. For the price, at least initially, the phone is well worth it."},{"name":"Win2000","rating":5,"review":"This is a beautifully designed and impressively priced phone that I would be more than satisfied with if one crucial aspect was present... It is NOT unlocked. I have spent the past two days trying to locate the source of my problem with my carrier to understand why my phone will not connect to my network. I originally assumed it was an issue with my SIM card, but it turns out my phone is still 'locked' and will not be supported by another carrier until I contacted the company to resolve the issue. I reached out to them and did not receive any response. It has affected my work and I wasted $200 on a phone I had considerable hopes for."},{"name":"Daniel Deklotz","rating":3,"review":"Nice phone"}],
    "baseImages":["Product10a.jpg","Product10b.jpg","Product10c.jpg","Product10d.jpg"],
    "descImage":["Product10a.jpg"],
    "thumbnailImages":["Product10a.jpg","Product10b.jpg","Product10c.jpg","Product10d.jpg"],
    "relatedProducts" : "1,2,3"
},
{
    "productId":"11",
    "name":"Quattro 800H",
    "sku":"Quattro9689",
    "description" : "A synchronous electric motor is an AC motor in which, at steady state,[1] the rotation of the shaft is synchronized with the frequency of the supply current; the rotation period is exactly equal to an integral number of AC cycles. Synchronous motors contain multiphase AC electromagnets on the stator of the motor that create a magnetic field which rotates in time with the oscillations of the line current. The rotor with permanent magnets or electromagnets turns in step with the stator field at the same rate and as a result, provides the second synchronized rotating magnet field of any AC motor. A synchronous motor is termed doubly fed if it is supplied with independently excited multiphase AC electromagnets on both the rotor and stator.The synchronous motor and induction motor are the most widely used types of AC motor. The difference between the two types is that the synchronous motor rotates at a rate locked to the line frequency since it does not rely on current induction to produce the rotor's magnetic field. By contrast, the induction motor requires slip: the rotor must rotate slightly slower than the AC alternations in order to induce current in the rotor winding. Small synchronous motors are used in timing applications such as in synchronous clocks, timers in appliances, tape recorders and precision servomechanisms in which the motor must operate at a precise speed; speed accuracy is that of the power line frequency, which is carefully controlled in large interconnected grid systems.",
    "shortDescription":"machine to IT system. Our NX1/NJ5 controller with OPC UA as a standard feature ensures reliable, secure and easy communication. OPC UA is an industrial communication protocol that enables data exchange between machines and from machine to IT systems.",
    "isFeatured":0,
    "brand":"Quattro",
    "price":299.99,
    "rating":4.8,
    "qty" : 10,
    "color":"Black",
    "size":"5 in",
    "weight":"100",
    "category_id":"2",
    "reviews":[{"name":"Patricia Morrison","rating":4,"review":"I bought this phone on March 6, 2017, I received 2 updates, currently with Android 8, Emui 8. The only problem is the GPS, it does not work with Google Maps or Waze, it is a pity that a quality team like this present this problem"},{"name":"Kathy A Baker","rating":2,"review":"I wish I could give this phone 4.5 stars. It's not perfect but for $200 it's pretty close. The build is solid and the screen is suprisingly good. I wasn't expecting much for the price so it has exceeded my expectations. The only thing it doesn't have that I wish it did is fast charging. I haven't had it long enough to say how big a deal that is but it sure would have been nice. The other odd quirk I've found is that you can't transfer apps to the SD card. You can store files on it but not apps which is strange. Again, I'm not sure how big a deal that will be over time. For the price, at least initially, the phone is well worth it."},{"name":"Win2000","rating":5,"review":"This is a beautifully designed and impressively priced phone that I would be more than satisfied with if one crucial aspect was present... It is NOT unlocked. I have spent the past two days trying to locate the source of my problem with my carrier to understand why my phone will not connect to my network. I originally assumed it was an issue with my SIM card, but it turns out my phone is still 'locked' and will not be supported by another carrier until I contacted the company to resolve the issue. I reached out to them and did not receive any response. It has affected my work and I wasted $200 on a phone I had considerable hopes for."},{"name":"Daniel Deklotz","rating":3,"review":"Nice phone"}],
    "baseImages":["Product11a.jpg","Product11b.jpg","Product11c.jpg"],
    "descImage":["Product11a.jpg"],
    "thumbnailImages":["Product11a.jpg","Product11b.jpg","Product11c.jpg"],
    "relatedProducts" :"2,3,4"
},
{
    "productId":"12",
    "name":"Omron c Sensor",
    "sku":"Sensor12356",
    "description" : "A synchronous electric motor is an AC motor in which, at steady state,[1] the rotation of the shaft is synchronized with the frequency of the supply current; the rotation period is exactly equal to an integral number of AC cycles. Synchronous motors contain multiphase AC electromagnets on the stator of the motor that create a magnetic field which rotates in time with the oscillations of the line current. The rotor with permanent magnets or electromagnets turns in step with the stator field at the same rate and as a result, provides the second synchronized rotating magnet field of any AC motor. A synchronous motor is termed doubly fed if it is supplied with independently excited multiphase AC electromagnets on both the rotor and stator.The synchronous motor and induction motor are the most widely used types of AC motor. The difference between the two types is that the synchronous motor rotates at a rate locked to the line frequency since it does not rely on current induction to produce the rotor's magnetic field. By contrast, the induction motor requires slip: the rotor must rotate slightly slower than the AC alternations in order to induce current in the rotor winding. Small synchronous motors are used in timing applications such as in synchronous clocks, timers in appliances, tape recorders and precision servomechanisms in which the motor must operate at a precise speed; speed accuracy is that of the power line frequency, which is carefully controlled in large interconnected grid systems.",
    "shortDescription":"machine to IT system. Our NX1/NJ5 controller with OPC UA as a standard feature ensures reliable, secure and easy communication. OPC UA is an industrial communication protocol that enables data exchange between machines and from machine to IT systems.",
    "isFeatured":1,
    "brand":"Sensor",
    "price":299.99,
    "rating":3.8,
    "qty" : 10,
    "color":"Black",
    "size":"5 in",
    "weight":"100",
    "category_id":"2",
    "reviews":[{"name":"Patricia Morrison","rating":4,"review":"I bought this phone on March 6, 2017, I received 2 updates, currently with Android 8, Emui 8. The only problem is the GPS, it does not work with Google Maps or Waze, it is a pity that a quality team like this present this problem"},{"name":"Kathy A Baker","rating":2,"review":"I wish I could give this phone 4.5 stars. It's not perfect but for $200 it's pretty close. The build is solid and the screen is suprisingly good. I wasn't expecting much for the price so it has exceeded my expectations. The only thing it doesn't have that I wish it did is fast charging. I haven't had it long enough to say how big a deal that is but it sure would have been nice. The other odd quirk I've found is that you can't transfer apps to the SD card. You can store files on it but not apps which is strange. Again, I'm not sure how big a deal that will be over time. For the price, at least initially, the phone is well worth it."},{"name":"Win2000","rating":5,"review":"This is a beautifully designed and impressively priced phone that I would be more than satisfied with if one crucial aspect was present... It is NOT unlocked. I have spent the past two days trying to locate the source of my problem with my carrier to understand why my phone will not connect to my network. I originally assumed it was an issue with my SIM card, but it turns out my phone is still 'locked' and will not be supported by another carrier until I contacted the company to resolve the issue. I reached out to them and did not receive any response. It has affected my work and I wasted $200 on a phone I had considerable hopes for."},{"name":"Daniel Deklotz","rating":3,"review":"Nice phone"}],
    "baseImages":["Product12a.jpg","Product12b.jpg","Product12c.jpg"],
    "descImage":["Product12a.jpg"],
    "thumbnailImages":["Product12a.jpg","Product12b.jpg","Product12c.jpg"],
    "relatedProducts" : "3,4,5"
},
{
    "productId":"13",
    "name":"PS/2 Port Hub",
    "sku":"Hub1245",
    "description" : "A synchronous electric motor is an AC motor in which, at steady state,[1] the rotation of the shaft is synchronized with the frequency of the supply current; the rotation period is exactly equal to an integral number of AC cycles. Synchronous motors contain multiphase AC electromagnets on the stator of the motor that create a magnetic field which rotates in time with the oscillations of the line current. The rotor with permanent magnets or electromagnets turns in step with the stator field at the same rate and as a result, provides the second synchronized rotating magnet field of any AC motor. A synchronous motor is termed doubly fed if it is supplied with independently excited multiphase AC electromagnets on both the rotor and stator.The synchronous motor and induction motor are the most widely used types of AC motor. The difference between the two types is that the synchronous motor rotates at a rate locked to the line frequency since it does not rely on current induction to produce the rotor's magnetic field. By contrast, the induction motor requires slip: the rotor must rotate slightly slower than the AC alternations in order to induce current in the rotor winding. Small synchronous motors are used in timing applications such as in synchronous clocks, timers in appliances, tape recorders and precision servomechanisms in which the motor must operate at a precise speed; speed accuracy is that of the power line frequency, which is carefully controlled in large interconnected grid systems.",
    "shortDescription":"machine to IT system. Our NX1/NJ5 controller with OPC UA as a standard feature ensures reliable, secure and easy communication. OPC UA is an industrial communication protocol that enables data exchange between machines and from machine to IT systems.",
    "isFeatured":0,
    "brand":"Hub",
    "price":20.99,
    "rating":3.8,
    "qty" : 10,
    "color":"Black",
    "size":"5 in",
    "weight":"100",
    "category_id":"2",
    "reviews":[{"name":"Patricia Morrison","rating":4,"review":"I bought this phone on March 6, 2017, I received 2 updates, currently with Android 8, Emui 8. The only problem is the GPS, it does not work with Google Maps or Waze, it is a pity that a quality team like this present this problem"},{"name":"Kathy A Baker","rating":2,"review":"I wish I could give this phone 4.5 stars. It's not perfect but for $200 it's pretty close. The build is solid and the screen is suprisingly good. I wasn't expecting much for the price so it has exceeded my expectations. The only thing it doesn't have that I wish it did is fast charging. I haven't had it long enough to say how big a deal that is but it sure would have been nice. The other odd quirk I've found is that you can't transfer apps to the SD card. You can store files on it but not apps which is strange. Again, I'm not sure how big a deal that will be over time. For the price, at least initially, the phone is well worth it."},{"name":"Win2000","rating":5,"review":"This is a beautifully designed and impressively priced phone that I would be more than satisfied with if one crucial aspect was present... It is NOT unlocked. I have spent the past two days trying to locate the source of my problem with my carrier to understand why my phone will not connect to my network. I originally assumed it was an issue with my SIM card, but it turns out my phone is still 'locked' and will not be supported by another carrier until I contacted the company to resolve the issue. I reached out to them and did not receive any response. It has affected my work and I wasted $200 on a phone I had considerable hopes for."},{"name":"Daniel Deklotz","rating":3,"review":"Nice phone"}],
    "baseImages":["Product13a.jpg","Product13b.jpg","Product13c.jpg","Product13d.jpg","Product13e.jpg"],
    "descImage":["Product13a.jpg"],
    "thumbnailImages":["Product13a.jpg","Product13b.jpg","Product13c.jpg","Product13d.jpg","Product13e.jpg"],
    "relatedProducts" : "3,4,5"
    
},
{
    "productId":"14",
    "name":"Multi Axis Controller",
    "sku":"Axis123",
    "description" : "A synchronous electric motor is an AC motor in which, at steady state,[1] the rotation of the shaft is synchronized with the frequency of the supply current; the rotation period is exactly equal to an integral number of AC cycles. Synchronous motors contain multiphase AC electromagnets on the stator of the motor that create a magnetic field which rotates in time with the oscillations of the line current. The rotor with permanent magnets or electromagnets turns in step with the stator field at the same rate and as a result, provides the second synchronized rotating magnet field of any AC motor. A synchronous motor is termed doubly fed if it is supplied with independently excited multiphase AC electromagnets on both the rotor and stator.The synchronous motor and induction motor are the most widely used types of AC motor. The difference between the two types is that the synchronous motor rotates at a rate locked to the line frequency since it does not rely on current induction to produce the rotor's magnetic field. By contrast, the induction motor requires slip: the rotor must rotate slightly slower than the AC alternations in order to induce current in the rotor winding. Small synchronous motors are used in timing applications such as in synchronous clocks, timers in appliances, tape recorders and precision servomechanisms in which the motor must operate at a precise speed; speed accuracy is that of the power line frequency, which is carefully controlled in large interconnected grid systems.",
    "shortDescription":"machine to IT system. Our NX1/NJ5 controller with OPC UA as a standard feature ensures reliable, secure and easy communication. OPC UA is an industrial communication protocol that enables data exchange between machines and from machine to IT systems.",
    "isFeatured":0,
    "brand":"Controller",
    "price":800.99,
    "rating":4.2,
    "qty" : 10,
    "color":"Grey",
    "size":"6 in",
    "weight":"50",
    "category_id":"1",
    "reviews":[{"name":"Patricia Morrison","rating":4,"review":"I bought this phone on March 6, 2017, I received 2 updates, currently with Android 8, Emui 8. The only problem is the GPS, it does not work with Google Maps or Waze, it is a pity that a quality team like this present this problem"},{"name":"Kathy A Baker","rating":2,"review":"I wish I could give this phone 4.5 stars. It's not perfect but for $200 it's pretty close. The build is solid and the screen is suprisingly good. I wasn't expecting much for the price so it has exceeded my expectations. The only thing it doesn't have that I wish it did is fast charging. I haven't had it long enough to say how big a deal that is but it sure would have been nice. The other odd quirk I've found is that you can't transfer apps to the SD card. You can store files on it but not apps which is strange. Again, I'm not sure how big a deal that will be over time. For the price, at least initially, the phone is well worth it."},{"name":"Win2000","rating":5,"review":"This is a beautifully designed and impressively priced phone that I would be more than satisfied with if one crucial aspect was present... It is NOT unlocked. I have spent the past two days trying to locate the source of my problem with my carrier to understand why my phone will not connect to my network. I originally assumed it was an issue with my SIM card, but it turns out my phone is still 'locked' and will not be supported by another carrier until I contacted the company to resolve the issue. I reached out to them and did not receive any response. It has affected my work and I wasted $200 on a phone I had considerable hopes for."},{"name":"Daniel Deklotz","rating":3,"review":"Nice phone"}],
    "baseImages":["Product14a.jpg","Product14b.jpg","Product14c.jpg"],
    "descImage":["Product14a.jpg"],
    "thumbnailImages":["Product14a.jpg","Product14b.jpg","Product14c.jpg"],
    "relatedProducts" : "10,11,12"
},
{
    "productId":"15",
    "name":"DuroMax XP652WP Gasoline Engine Portable Water Pump",
    "sku":"XP652WP",
    "description" : "A synchronous electric motor is an AC motor in which, at steady state,[1] the rotation of the shaft is synchronized with the frequency of the supply current; the rotation period is exactly equal to an integral number of AC cycles. Synchronous motors contain multiphase AC electromagnets on the stator of the motor that create a magnetic field which rotates in time with the oscillations of the line current. The rotor with permanent magnets or electromagnets turns in step with the stator field at the same rate and as a result, provides the second synchronized rotating magnet field of any AC motor. A synchronous motor is termed doubly fed if it is supplied with independently excited multiphase AC electromagnets on both the rotor and stator.The synchronous motor and induction motor are the most widely used types of AC motor. The difference between the two types is that the synchronous motor rotates at a rate locked to the line frequency since it does not rely on current induction to produce the rotor's magnetic field. By contrast, the induction motor requires slip: the rotor must rotate slightly slower than the AC alternations in order to induce current in the rotor winding. Small synchronous motors are used in timing applications such as in synchronous clocks, timers in appliances, tape recorders and precision servomechanisms in which the motor must operate at a precise speed; speed accuracy is that of the power line frequency, which is carefully controlled in large interconnected grid systems.",
    "shortDescription":"machine to IT system. Our NX1/NJ5 controller with OPC UA as a standard feature ensures reliable, secure and easy communication. OPC UA is an industrial communication protocol that enables data exchange between machines and from machine to IT systems.",
    "isFeatured":0,
    "brand":"Samsung",
    "price":329.99,
    "rating":3.8,
    "qty" : 10,
    "color":"Black",
    "size":"5 in",
    "weight":"100",
    "category_id":"1",
    "reviews":[{"name":"Patricia Morrison","rating":4,"review":"I bought this phone on March 6, 2017, I received 2 updates, currently with Android 8, Emui 8. The only problem is the GPS, it does not work with Google Maps or Waze, it is a pity that a quality team like this present this problem"},{"name":"Kathy A Baker","rating":2,"review":"I wish I could give this phone 4.5 stars. It's not perfect but for $200 it's pretty close. The build is solid and the screen is suprisingly good. I wasn't expecting much for the price so it has exceeded my expectations. The only thing it doesn't have that I wish it did is fast charging. I haven't had it long enough to say how big a deal that is but it sure would have been nice. The other odd quirk I've found is that you can't transfer apps to the SD card. You can store files on it but not apps which is strange. Again, I'm not sure how big a deal that will be over time. For the price, at least initially, the phone is well worth it."},{"name":"Win2000","rating":5,"review":"This is a beautifully designed and impressively priced phone that I would be more than satisfied with if one crucial aspect was present... It is NOT unlocked. I have spent the past two days trying to locate the source of my problem with my carrier to understand why my phone will not connect to my network. I originally assumed it was an issue with my SIM card, but it turns out my phone is still 'locked' and will not be supported by another carrier until I contacted the company to resolve the issue. I reached out to them and did not receive any response. It has affected my work and I wasted $200 on a phone I had considerable hopes for."},{"name":"Daniel Deklotz","rating":3,"review":"Nice phone"}],
    "baseImages":["Product15a.jpg","Product15b.jpg","Product15c.jpg"],
    "descImage":["Product15a.jpg"],
    "thumbnailImages":["Product15a.jpg","Product15b.jpg","Product15c.jpg"],
    "relatedProducts" : "3,4,5"
    
}
]