[{
    "productId":"1",
    "name":"Samsung  1 Galaxy J8 (32GB) J810M/DS",
    "sku":"18:9 Infintiy Display",
    "description" : "Dual SIM International model phone, Does NOT have US warranty. Will work with Most GSM SIM cards in U.S. and world Including AT&T, T-Mobile, MetroPCS, Etc. Will NOT work with CDMA Carriers Such as Verizon, Sprint, Boost. 3G HSDPA 850 / 900 / 1700(AWS) / 1900 / 2100, 4G LTE band B1 (2100), B2 (1900), B3 (1800), B4 (AWS), B5 (850), B7 (2600), B8 (900), B17 (700), B20 (800), B28 (700),) - Compatible with Most GSM SIM Card Carriers",
    "shortDescription":"Dual SIM International model phone, Does NOT have US warranty. Will work with Most GSM SIM cards",
    "isFeatured":1,
    "brand":"Samsung",
    "price":246.98,
    "rating":4.1,
    "qty" : 10,
    "color":"Gold",
    "size":"5.93 in",
    "weight":"40",
    "category_id":1,
    "reviews":[{"name":"Patricia Morrison","rating":4,"review":"Battery life is excellent not to mention picture quality."},{"name":"Kathy A Baker","rating":2,"review":"Nice phone"},{"name":"Win2000","rating":5,"review":"Battery life is excellent not to mention picture quality."},{"name":"Daniel Deklotz","rating":3,"review":"its just like the s8"}],
    "baseImages":["j8_1_base.jpg","j8_2_base.jpg","j8_3_base.jpg"],
    "thumbnailImages":["j8_1_thumbnail.jpg","j8_2_thumbnail.jpg","j8_3_thumbnail.jpg"],
    "relatedProducts" : 2
},
{
    "productId":"2",
    "name":"Honor 2 7X GSM Unlocked Smartphone 5.93” FullView Display",
    "sku":"Expandable Storage",
    "description" : "Honor 7x has 3GB RAM + 32GB ROM. With 3GB large memory, you will enjoy a smooth running in playing games and operating multitasks. As a result, a lot of movie files you loved can be downloaded to your smartphone. Also, the battery capacity of Honor 7x is 3340Mah, enough for all-day usage. The fingerprint identification system is more advanced, unlocking in 0.2 seconds. The fingerprint sensor can also be used to take photos. Album function of emui 5.1 system supports intelligent classification in accordance with places you visited before helping you find photos quickly. Honor 7x uses a 5.93' full-view display offering you an enhanced viewing experience. Compared with traditional phones in size, the Honor 7x will give you greater field of view when playing games thanks to its 18: 9 long aspect ratio accounting for a 82.9% screen-to-body ratio. The Split screen functionality allows you to answer your friends messages when watching videos. Honor 7x is equipped with 16MP + 2MP dual-lens rear camera and 8MP front camera. Both cameras have a portrait mode to beautify photos. It includes popular stickers affects. It is Convenient to take selfies by showing your palm using the gesture control function. Meanwhile, it avoids the blur phenomenon of photos caused by hands trembling when the shutter button is pressed.",
    "shortDescription":"Upgradable to Android 8.0 Oreo. Get the latest version of Android through your Honor 7x’s software update.",
    "isFeatured":0,
    "brand":"Honor",
    "price":199.99,
    "rating":4.2,
    "qty" : 10,
    "color":"Grey",
    "size":"6 in",
    "weight":"50",
    "category_id":1,
    "reviews":[{"name":"Patricia Morrison","rating":4,"review":"I bought this phone on March 6, 2017, I received 2 updates, currently with Android 8, Emui 8. The only problem is the GPS, it does not work with Google Maps or Waze, it is a pity that a quality team like this present this problem"},{"name":"Kathy A Baker","rating":2,"review":"I wish I could give this phone 4.5 stars. It's not perfect but for $200 it's pretty close. The build is solid and the screen is suprisingly good. I wasn't expecting much for the price so it has exceeded my expectations. The only thing it doesn't have that I wish it did is fast charging. I haven't had it long enough to say how big a deal that is but it sure would have been nice. The other odd quirk I've found is that you can't transfer apps to the SD card. You can store files on it but not apps which is strange. Again, I'm not sure how big a deal that will be over time. For the price, at least initially, the phone is well worth it."},{"name":"Win2000","rating":5,"review":"This is a beautifully designed and impressively priced phone that I would be more than satisfied with if one crucial aspect was present... It is NOT unlocked. I have spent the past two days trying to locate the source of my problem with my carrier to understand why my phone will not connect to my network. I originally assumed it was an issue with my SIM card, but it turns out my phone is still 'locked' and will not be supported by another carrier until I contacted the company to resolve the issue. I reached out to them and did not receive any response. It has affected my work and I wasted $200 on a phone I had considerable hopes for."},{"name":"Daniel Deklotz","rating":3,"review":"Nice phone"}],
    "baseImages":["honor_1_base.jpg","honor_2_base.jpg","honor_3_base.jpg"],
    "thumbnailImages":["honor_1_thumbnail.jpg","honor_2_thumbnail.jpg","honor_3_thumbnail.jpg"],
    "relatedProducts" : 3
},
{
    "productId":"3",
    "name":"Samsung 3 Galaxy J2 Prime",
    "sku":"j2",
    "description" : "Designed to expand your world of entertainment and gaming even further for the ultimate experience. Its optimal 5.0” display is just the right size to view what’s on screen for maximum enjoyment. Its trusty LED flash and 5MP front camera capture you in your best light, even in dark conditions. And with Quick Launch, you get instant camera access by simply double tapping the home button, even from Sleep Mode.Now with even longer lasting battery power to pack in more multimedia and keep gamers in the action. Maximum Power Saving Mode turns off all background running apps to drastically minimize battery consumption.With upgraded RAM support and enhanced chip-set performance you can enjoy seamless web-page load times for a more responsive multimedia and gaming experience. Features a sturdy case design with a non-slip rear grip pattern to keep it securely in your hand at all times. It also comes in a selection of stylish colors to complement your lifestyle while making an impression.Whatever your old device, Smart Switch makes data transfer a breeze. Whether it’s music, calendar events or phone settings, you can move everything that matters most to your new Galaxy phone in one hassle-free step.",
    "shortDescription":"International Model Compatible with Most GSM Carriers like T-Mobile, AT&T, MetroPCS, etc. Will NOT work with CDMA Carriers Such as Verizon, Sprint, Boost",
    "isFeatured":0,
    "brand":"Samsung",
    "price":97.00,
    "rating":4.8,
    "qty" : 10,
    "color":"Black",
    "size":"5 in",
    "weight":"100",
    "category_id":2,
    "reviews":[{"name":"Patricia Morrison","rating":4,"review":"I bought this phone on March 6, 2017, I received 2 updates, currently with Android 8, Emui 8. The only problem is the GPS, it does not work with Google Maps or Waze, it is a pity that a quality team like this present this problem"},{"name":"Kathy A Baker","rating":2,"review":"I wish I could give this phone 4.5 stars. It's not perfect but for $200 it's pretty close. The build is solid and the screen is suprisingly good. I wasn't expecting much for the price so it has exceeded my expectations. The only thing it doesn't have that I wish it did is fast charging. I haven't had it long enough to say how big a deal that is but it sure would have been nice. The other odd quirk I've found is that you can't transfer apps to the SD card. You can store files on it but not apps which is strange. Again, I'm not sure how big a deal that will be over time. For the price, at least initially, the phone is well worth it."},{"name":"Win2000","rating":5,"review":"This is a beautifully designed and impressively priced phone that I would be more than satisfied with if one crucial aspect was present... It is NOT unlocked. I have spent the past two days trying to locate the source of my problem with my carrier to understand why my phone will not connect to my network. I originally assumed it was an issue with my SIM card, but it turns out my phone is still 'locked' and will not be supported by another carrier until I contacted the company to resolve the issue. I reached out to them and did not receive any response. It has affected my work and I wasted $200 on a phone I had considerable hopes for."},{"name":"Daniel Deklotz","rating":3,"review":"Nice phone"}],
    "baseImages":["j2_1_base.jpg","j2_2_base.jpg","j2_3_base.jpg"],
    "thumbnailImages":["j2_1_thumbnail.jpg","j2_2_thumbnail.jpg","j2_3_thumbnail.jpg"],        
    "relatedProducts" : 2
},
{
    "productId":"4",
    "name":"Samsung 4 Galaxy J7 Neo",
    "sku":"j7",
    "description" : "The Samsung Galaxy J7 Neo has an expansive 5.5' Super AMOLED screen and an HD 1280 x 720 native resolution for viewing detailed content. For photo capturing and video chatting, this smartphone features a 5-megapixel f/2.2 front camera and a 13-megapixel f/1.9 rear camera. The front and rear cameras are also accompanied by an LED flash for capturing images in low-light situations.",
    "shortDescription":"International model phone, will work with Most GSM SIM cards in U.S. and world Including AT&T, T-Mobile, MetroPCS, Etc. Does not have US warranty. Will NOT work with CDMA Carriers Such as Verizon, Sprint, Boost.",
    "isFeatured":1,
    "brand":"Samsung",
    "price":189.99,
    "rating":3.8,
    "qty" : 10,
    "color":"Black",
    "size":"5 in",
    "weight":"100",
    "category_id":2,
    "reviews":[{"name":"Patricia Morrison","rating":4,"review":"I bought this phone on March 6, 2017, I received 2 updates, currently with Android 8, Emui 8. The only problem is the GPS, it does not work with Google Maps or Waze, it is a pity that a quality team like this present this problem"},{"name":"Kathy A Baker","rating":2,"review":"I wish I could give this phone 4.5 stars. It's not perfect but for $200 it's pretty close. The build is solid and the screen is suprisingly good. I wasn't expecting much for the price so it has exceeded my expectations. The only thing it doesn't have that I wish it did is fast charging. I haven't had it long enough to say how big a deal that is but it sure would have been nice. The other odd quirk I've found is that you can't transfer apps to the SD card. You can store files on it but not apps which is strange. Again, I'm not sure how big a deal that will be over time. For the price, at least initially, the phone is well worth it."},{"name":"Win2000","rating":5,"review":"This is a beautifully designed and impressively priced phone that I would be more than satisfied with if one crucial aspect was present... It is NOT unlocked. I have spent the past two days trying to locate the source of my problem with my carrier to understand why my phone will not connect to my network. I originally assumed it was an issue with my SIM card, but it turns out my phone is still 'locked' and will not be supported by another carrier until I contacted the company to resolve the issue. I reached out to them and did not receive any response. It has affected my work and I wasted $200 on a phone I had considerable hopes for."},{"name":"Daniel Deklotz","rating":3,"review":"Nice phone"}],
    "baseImages":["j7_1_base.jpg","j7_2_base.jpg"],
    "thumbnailImages":["j7_1_thumbnail.jpg","j7_2_thumbnail.jpg"],
    "relatedProducts" : 2

},

{
    "productId":"10",
    "name":"Honor 10 7X GSM Unlocked Smartphone 5.93” FullView Display",
    "sku":"Expandable Storage",
    "description" : "Honor 7x has 3GB RAM + 32GB ROM. With 3GB large memory, you will enjoy a smooth running in playing games and operating multitasks. As a result, a lot of movie files you loved can be downloaded to your smartphone. Also, the battery capacity of Honor 7x is 3340Mah, enough for all-day usage. The fingerprint identification system is more advanced, unlocking in 0.2 seconds. The fingerprint sensor can also be used to take photos. Album function of emui 5.1 system supports intelligent classification in accordance with places you visited before helping you find photos quickly. Honor 7x uses a 5.93' full-view display offering you an enhanced viewing experience. Compared with traditional phones in size, the Honor 7x will give you greater field of view when playing games thanks to its 18: 9 long aspect ratio accounting for a 82.9% screen-to-body ratio. The Split screen functionality allows you to answer your friends messages when watching videos. Honor 7x is equipped with 16MP + 2MP dual-lens rear camera and 8MP front camera. Both cameras have a portrait mode to beautify photos. It includes popular stickers affects. It is Convenient to take selfies by showing your palm using the gesture control function. Meanwhile, it avoids the blur phenomenon of photos caused by hands trembling when the shutter button is pressed.",
    "shortDescription":"Upgradable to Android 8.0 Oreo. Get the latest version of Android through your Honor 7x’s software update.",
    "isFeatured":1,
    "brand":"Honor",
    "price":199.99,
    "rating":4.2,
    "qty" : 10,
    "color":"Grey",
    "size":"6 in",
    "weight":"50",
    "category_id":1,
    "reviews":[{"name":"Patricia Morrison","rating":4,"review":"I bought this phone on March 6, 2017, I received 2 updates, currently with Android 8, Emui 8. The only problem is the GPS, it does not work with Google Maps or Waze, it is a pity that a quality team like this present this problem"},{"name":"Kathy A Baker","rating":2,"review":"I wish I could give this phone 4.5 stars. It's not perfect but for $200 it's pretty close. The build is solid and the screen is suprisingly good. I wasn't expecting much for the price so it has exceeded my expectations. The only thing it doesn't have that I wish it did is fast charging. I haven't had it long enough to say how big a deal that is but it sure would have been nice. The other odd quirk I've found is that you can't transfer apps to the SD card. You can store files on it but not apps which is strange. Again, I'm not sure how big a deal that will be over time. For the price, at least initially, the phone is well worth it."},{"name":"Win2000","rating":5,"review":"This is a beautifully designed and impressively priced phone that I would be more than satisfied with if one crucial aspect was present... It is NOT unlocked. I have spent the past two days trying to locate the source of my problem with my carrier to understand why my phone will not connect to my network. I originally assumed it was an issue with my SIM card, but it turns out my phone is still 'locked' and will not be supported by another carrier until I contacted the company to resolve the issue. I reached out to them and did not receive any response. It has affected my work and I wasted $200 on a phone I had considerable hopes for."},{"name":"Daniel Deklotz","rating":3,"review":"Nice phone"}],
    "baseImages":["honor_1_base.jpg","honor_2_base.jpg","honor_3_base.jpg"],
    "thumbnailImages":["honor_1_thumbnail.jpg","honor_2_thumbnail.jpg","honor_3_thumbnail.jpg"],
    "relatedProducts" : 1
},
{
    "productId":"11",
    "name":"Samsung 11 Galaxy J2 Prime",
    "sku":"j2",
    "description" : "Designed to expand your world of entertainment and gaming even further for the ultimate experience. Its optimal 5.0” display is just the right size to view what’s on screen for maximum enjoyment. Its trusty LED flash and 5MP front camera capture you in your best light, even in dark conditions. And with Quick Launch, you get instant camera access by simply double tapping the home button, even from Sleep Mode.Now with even longer lasting battery power to pack in more multimedia and keep gamers in the action. Maximum Power Saving Mode turns off all background running apps to drastically minimize battery consumption.With upgraded RAM support and enhanced chip-set performance you can enjoy seamless web-page load times for a more responsive multimedia and gaming experience. Features a sturdy case design with a non-slip rear grip pattern to keep it securely in your hand at all times. It also comes in a selection of stylish colors to complement your lifestyle while making an impression.Whatever your old device, Smart Switch makes data transfer a breeze. Whether it’s music, calendar events or phone settings, you can move everything that matters most to your new Galaxy phone in one hassle-free step.",
    "shortDescription":"International Model Compatible with Most GSM Carriers like T-Mobile, AT&T, MetroPCS, etc. Will NOT work with CDMA Carriers Such as Verizon, Sprint, Boost",
    "isFeatured":0,
    "brand":"Samsung",
    "price":97.00,
    "rating":4.8,
    "qty" : 10,
    "color":"Black",
    "size":"5 in",
    "weight":"100",
    "category_id":2,
    "reviews":[{"name":"Patricia Morrison","rating":4,"review":"I bought this phone on March 6, 2017, I received 2 updates, currently with Android 8, Emui 8. The only problem is the GPS, it does not work with Google Maps or Waze, it is a pity that a quality team like this present this problem"},{"name":"Kathy A Baker","rating":2,"review":"I wish I could give this phone 4.5 stars. It's not perfect but for $200 it's pretty close. The build is solid and the screen is suprisingly good. I wasn't expecting much for the price so it has exceeded my expectations. The only thing it doesn't have that I wish it did is fast charging. I haven't had it long enough to say how big a deal that is but it sure would have been nice. The other odd quirk I've found is that you can't transfer apps to the SD card. You can store files on it but not apps which is strange. Again, I'm not sure how big a deal that will be over time. For the price, at least initially, the phone is well worth it."},{"name":"Win2000","rating":5,"review":"This is a beautifully designed and impressively priced phone that I would be more than satisfied with if one crucial aspect was present... It is NOT unlocked. I have spent the past two days trying to locate the source of my problem with my carrier to understand why my phone will not connect to my network. I originally assumed it was an issue with my SIM card, but it turns out my phone is still 'locked' and will not be supported by another carrier until I contacted the company to resolve the issue. I reached out to them and did not receive any response. It has affected my work and I wasted $200 on a phone I had considerable hopes for."},{"name":"Daniel Deklotz","rating":3,"review":"Nice phone"}],
    "baseImages":["j2_1_base.jpg","j2_2_base.jpg","j2_3_base.jpg"],
    "thumbnailImages":["j2_1_thumbnail.jpg","j2_2_thumbnail.jpg","j2_3_thumbnail.jpg"],
    "relatedProducts" : 2
}
]