{
	"cartData": [
		 {
			"productId":1,
			"name": "Samsung",
			"sku": "sam123",
			"quantity": 2,
			"price": 400,
			"productPrice": 200,
			"image": "product1.jpg"
		},
		{
			"productId":2,
			"name": "Iphone",
			"sku": "iphone123",
			"quantity": 1,
			"price": 500,
			"productPrice": 500,
			"image": "product2.jpg"
		},
		{
			"productId":3,
			"name": "Redmi",
			"sku": "redmi123",
			"quantity": 1,
			"price": 500,
			"productPrice": 500,
			"image": "j2_1_base.jpg"
		}
	],
	"subTotal": 1400,
	"grandTotal": 1400,
	"totalQuantity":4,
	"shippingCharge":0,
	"shippingMethod":"Free"
}